{
    "u": [
        0.0001,
        0.001,
        0.01,
        0.1,
        1.0,
        10.0,
        100.0,
        1000.0,
        10000.0
    ],
    "gamma2": [
        1e-08,
        1.5848931924611143e-08,
        2.511886431509582e-08,
        3.981071705534969e-08,
        6.30957344480193e-08,
        1e-07,
        1.584893192461114e-07,
        2.5118864315095823e-07,
        3.981071705534969e-07,
        6.30957344480193e-07,
        1e-06,
        1.584893192461114e-06,
        2.5118864315095823e-06,
        3.981071705534969e-06,
        6.30957344480193e-06,
        1e-05,
        1.584893192461114e-05,
        2.5118864315095822e-05,
        3.9810717055349695e-05,
        6.309573444801929e-05,
        0.0001,
        0.00015848931924611142,
        0.00025118864315095795,
        0.00039810717055349735,
        0.000630957344480193,
        0.001,
        0.001584893192461114,
        0.0025118864315095794,
        0.003981071705534973,
        0.00630957344480193,
        0.01,
        0.015848931924611134,
        0.025118864315095794,
        0.039810717055349734,
        0.06309573444801933,
        0.1,
        0.15848931924611134,
        0.251188643150958,
        0.3981071705534972,
        0.6309573444801932,
        1.0,
        1.5848931924611136,
        2.51188643150958,
        3.9810717055349722,
        6.309573444801933,
        10.0,
        15.848931924611133,
        25.118864315095795,
        39.810717055349734,
        63.09573444801933,
        100.0,
        158.48931924611142,
        251.18864315095797,
        398.1071705534973,
        630.957344480193,
        1000.0,
        1584.893192461114,
        2511.88643150958,
        3981.0717055349733,
        6309.57344480193,
        10000.0,
        15848.93192461114,
        25118.864315095823,
        39810.71705534969,
        63095.7344480193,
        100000.0,
        158489.3192461114,
        251188.6431509582,
        398107.1705534969,
        630957.344480193,
        1000000.0,
        1584893.1924611141,
        2511886.4315095823,
        3981071.7055349695,
        6309573.44480193,
        10000000.0,
        15848931.924611142,
        25118864.315095823,
        39810717.05534969,
        63095734.448019296,
        100000000.0,
        158489319.2461111,
        251188643.1509582,
        398107170.5534969,
        630957344.4801943,
        1000000000.0,
        1584893192.4611108,
        2511886431.509582,
        3981071705.5349693,
        6309573444.801943,
        10000000000.0
    ],
    "gaunt_factor": [
        [
            5.528,
            5.528,
            5.528,
            5.528,
            5.528,
            5.528,
            5.528,
            5.528,
            5.528,
            5.528,
            5.528,
            5.528,
            5.528,
            5.528,
            5.528,
            5.528,
            5.528,
            5.528,
            5.528,
            5.528,
            5.527,
            5.527,
            5.527,
            5.527,
            5.526,
            5.525,
            5.523,
            5.52,
            5.516,
            5.51,
            5.501,
            5.489,
            5.472,
            5.449,
            5.419,
            5.379,
            5.329,
            5.267,
            5.193,
            5.107,
            5.01,
            4.904,
            4.792,
            4.676,
            4.557,
            4.436,
            4.315,
            4.194,
            4.073,
            3.953,
            3.833,
            3.714,
            3.596,
            3.479,
            3.363,
            3.249,
            3.136,
            3.025,
            2.916,
            2.808,
            2.703,
            2.6,
            2.5,
            2.402,
            2.307,
            2.215,
            2.127,
            2.042,
            1.96,
            1.882,
            1.807,
            1.737,
            1.67,
            1.608,
            1.549,
            1.494,
            1.444,
            1.397,
            1.354,
            1.314,
            1.278,
            1.246,
            1.217,
            1.19,
            1.167,
            1.146,
            1.127,
            1.11,
            1.096,
            1.083,
            1.072
        ],
        [
            4.259,
            4.259,
            4.259,
            4.259,
            4.259,
            4.259,
            4.259,
            4.259,
            4.259,
            4.26,
            4.26,
            4.26,
            4.26,
            4.26,
            4.26,
            4.26,
            4.26,
            4.26,
            4.26,
            4.26,
            4.26,
            4.26,
            4.26,
            4.26,
            4.26,
            4.259,
            4.258,
            4.257,
            4.254,
            4.249,
            4.241,
            4.231,
            4.216,
            4.195,
            4.167,
            4.131,
            4.083,
            4.025,
            3.955,
            3.873,
            3.782,
            3.682,
            3.577,
            3.468,
            3.357,
            3.245,
            3.134,
            3.024,
            2.915,
            2.808,
            2.703,
            2.601,
            2.5,
            2.403,
            2.308,
            2.216,
            2.127,
            2.042,
            1.96,
            1.882,
            1.808,
            1.737,
            1.671,
            1.608,
            1.549,
            1.495,
            1.444,
            1.397,
            1.354,
            1.314,
            1.279,
            1.246,
            1.217,
            1.19,
            1.167,
            1.146,
            1.127,
            1.11,
            1.096,
            1.083,
            1.072,
            1.062,
            1.054,
            1.046,
            1.04,
            1.034,
            1.03,
            1.026,
            1.022,
            1.019,
            1.016
        ],
        [
            3.002,
            3.002,
            3.002,
            3.002,
            3.002,
            3.002,
            3.002,
            3.002,
            3.002,
            3.002,
            3.002,
            3.002,
            3.002,
            3.002,
            3.003,
            3.003,
            3.003,
            3.004,
            3.004,
            3.005,
            3.006,
            3.007,
            3.008,
            3.01,
            3.011,
            3.013,
            3.015,
            3.016,
            3.018,
            3.018,
            3.016,
            3.012,
            3.004,
            2.991,
            2.971,
            2.944,
            2.907,
            2.86,
            2.803,
            2.735,
            2.658,
            2.574,
            2.486,
            2.396,
            2.306,
            2.216,
            2.129,
            2.045,
            1.963,
            1.885,
            1.811,
            1.74,
            1.673,
            1.61,
            1.552,
            1.497,
            1.446,
            1.399,
            1.355,
            1.316,
            1.28,
            1.247,
            1.218,
            1.191,
            1.167,
            1.146,
            1.128,
            1.111,
            1.096,
            1.084,
            1.072,
            1.063,
            1.054,
            1.047,
            1.04,
            1.035,
            1.03,
            1.026,
            1.022,
            1.019,
            1.016,
            1.014,
            1.012,
            1.01,
            1.009,
            1.008,
            1.007,
            1.006,
            1.005,
            1.004,
            1.004
        ],
        [
            1.806,
            1.806,
            1.806,
            1.807,
            1.807,
            1.807,
            1.807,
            1.807,
            1.807,
            1.807,
